date,price,standardized_price,Star
2024-12-19,0.2692606404347994,0.3067192525344333,3
2024-12-20,0.3285457830022997,0.3835749719642735,3
2024-12-21,0.6445999874331467,0.7932994359427828,3
2024-12-22,0.1895266489927614,0.2033541763972985,3
2024-12-23,0.17888436719085,0.1895577986061893,3
2024-12-24,0.2784115589499239,0.3185822656852067,3
2024-12-25,0.2829230295397358,0.3244308190132481,3
2024-12-26,0.2077586238078312,0.2269896351371254,3
2024-12-27,0.2986550802171682,0.3448254410139311,3
2024-12-28,0.5955908163942265,0.7297652191772968,3
2024-12-29,0.6399971502637066,0.7873324373533309,3
2024-12-30,0.466350579604845,0.5622215320482394,3
2024-12-31,0.8040451464899359,1.0,3
2025-01-01,0.3635684285509566,0.428977420257514,3
2025-01-02,0.261227611931284,0.2963054429676407,3
2025-01-03,0.1913832496251467,0.2057610252487355,3
2025-01-04,0.1526974830568237,0.1556098019819936,3
2025-01-05,0.0326628341869425,0.0,3
2025-01-06,0.0338105391620042,0.0014878549284272,3
2025-01-07,0.0439250452381252,0.0146000379728164,3
2025-01-08,0.0693041809123457,0.0475008904676708,3
2025-01-09,0.0921899249060476,0.0771693747311686,3
2025-01-10,0.1452829460434513,0.1459977887233074,3
2025-01-11,0.353780157351388,0.416288159636091,3
2025-01-12,0.2643622466882441,0.3003691020728146,3
2025-01-13,0.0999289715587471,0.0872020738600795,3
2025-01-14,0.0988312736076228,0.085779046739005,3
2025-01-15,0.0999238297599751,0.0871954081656631,3
2025-01-17,0.192511129716883,0.2072231797131916,3
2025-01-18,0.3501843138414666,0.4116266014792984,3
2025-01-19,0.1251083861721536,0.1198440131576404,3
2025-01-20,0.125414034122782,0.1202402472243976,3
2025-01-21,0.1296033096981164,0.125671115301768,3
2025-01-22,0.148592344311103,0.1502880067058423,3
2025-01-23,0.1707986188790302,0.1790756444488306,3
2025-01-24,0.1798974206374665,0.1908710947894942,3
2025-01-25,0.3699422116252361,0.4372402271337181,3
2025-01-26,0.1104579294859782,0.1008515415226144,3
2025-01-27,0.122377522919828,0.1163037929467667,3
2025-01-28,0.1423520350370141,0.142198231798432,3
2025-01-29,0.1741737976553945,0.1834511385748075,3
2025-01-30,0.1836614906035446,0.1957507373558896,3
2025-01-31,0.2225683295337521,0.246188553092226,3
2025-02-01,0.3866769548966567,0.4589347137773882,3
2025-02-02,0.1113040503997474,0.1019484307048969,3
2025-02-03,0.1110458387533563,0.1016136918312245,3
2025-02-04,0.126416528618608,0.121539855058071,3
2025-02-05,0.1308076161358967,0.1272323468967534,3
2025-02-06,0.1595619119050314,0.1645086692994379,3
2025-02-07,0.1800743061719658,0.1911004046034194,3
2025-02-08,0.3727014839379576,0.4408172761128212,3
2025-02-09,0.1196705167238094,0.1127945004042182,3
2025-02-10,0.1143872966541146,0.1059454710896602,3
2025-02-11,0.1102870243867976,0.1006299845897488,3
2025-02-12,0.1323643741271071,0.1292504875338682,3
2025-02-13,0.1524701177569548,0.1553150515109981,3
2025-02-14,0.1910209474345041,0.2052913460963046,3
2025-02-15,0.3613316712645755,0.426077746190963,3
2025-02-16,0.0972262020235542,0.0836982736146167,3
2025-02-17,0.0943181750885019,0.0799283830056782,3
2025-02-18,0.1226274190767324,0.116627751835788,3
2025-02-19,0.1356147914595895,0.1334642441635454,3
2025-02-20,0.1464251072453923,0.1474784568482103,3
2025-02-21,0.1955105652824283,0.2111115700971898,3
2025-02-22,0.3896210938901256,0.4627514191211743,3
2025-02-23,0.3381826954993168,0.3960680150938803,3
2025-02-24,0.1279966249723509,0.1235882509423705,3
2025-02-25,0.1272524235027002,0.1226234874810086,3
2025-02-26,0.1287204806551082,0.1245266386539012,3
2025-02-27,0.1518413428212196,0.1544999240110455,3
2025-02-28,0.1805545202706806,0.1917229416917811,3
2025-03-01,0.4189817645279253,0.5008138301585006,3
2025-03-02,0.1652754933165379,0.1719156078827824,3
2025-03-03,0.1311104156087478,0.1276248882708834,3
2025-03-04,0.1503087238990058,0.152513076636184,3
2025-03-05,0.1696577447338239,0.1775966448308589,3
2025-03-06,0.1871343134089364,0.2002528146656785,3
2025-03-07,0.2274287455994962,0.2524894702745673,3
2025-03-08,0.3877384372121563,0.4603107918888119,3
2025-03-09,0.1511823096107029,0.1536455704693508,3
2025-03-10,0.1642502349206502,0.1705864895201551,3
2025-03-11,0.159970127673022,0.1650378696213532,3
2025-03-12,0.1919696259291922,0.2065211882634859,3
2025-03-13,0.1942719441150439,0.20950585377776,3
2025-03-14,0.2362320689942756,0.2639018701369607,3
2025-03-15,0.4255473229002343,0.5093252495514436,3
2025-03-16,0.1803531754209296,0.1914619234566729,3
2025-03-17,0.2073197450832517,0.2264206841544808,3
2025-03-18,0.2940664789101455,0.3388768974268695,3
2025-03-19,0.2726319612393855,0.3110897452859728,3
2025-03-20,0.2541189051535025,0.2870899000852039,3
2025-03-21,0.3267128362019929,0.3811987873265489,3
2025-03-22,0.4753391483850714,0.5738740792182552,3
2025-03-23,0.30476071505484,0.3527406274789191,3
2025-03-24,0.3233472019549688,0.3768356664805759,3
2025-03-25,0.3360854678268387,0.3933492235957751,3
2025-03-26,0.3627536786893695,0.4279211996927013,3
2025-03-27,0.3634562647740081,0.4288320140495161,3
2025-03-28,0.441428087266065,0.529912660116275,3
2025-03-29,0.5248481647047417,0.6380562824267513,3
2025-03-30,0.3970069286516972,0.472326223525907,3
2025-03-31,0.4782445626789621,0.5776405828670315,3
2025-04-01,0.4917225054457041,0.5951130379023344,3
2025-04-02,0.4803444821033114,0.5803628638823686,3
2025-04-03,0.495624193406546,0.6001710848637604,3
2025-04-04,0.4981607735343201,0.6034594414767102,3
2025-04-05,0.580491545555312,0.7101909165285427,3
2025-04-06,0.3715253492775572,0.4392925656785242,3
2025-04-07,0.4020101965274044,0.4788123300854024,3
2025-04-08,0.406749567532411,0.4849563275940529,3
2025-04-09,0.419679326478548,0.5017181313584336,3
2025-04-10,0.402575421211727,0.479545072689566,3
2025-04-11,0.4398574604224921,0.527876540259075,3
2025-04-12,0.5433945658827787,0.6620993553391518,3
2025-04-13,0.3094806976238264,0.358859490322552,3
2025-04-14,0.3166984797526357,0.3682164356578169,3
2025-04-15,0.343052210514389,0.4023807279178678,3
2025-04-16,0.3703896265772788,0.437820244259995,3
2025-04-17,0.3534233365432659,0.4158255864056304,3
2025-04-18,0.3927300501539303,0.4667817892945878,3
2025-04-19,0.5510918154388104,0.6720778697972435,3
2025-04-20,0.2733720040941117,0.3120491176269288,3
2025-04-21,0.2796364527475751,0.3201701861989584,3
2025-04-22,0.288425534517871,0.3315641235891687,3
2025-04-23,0.2898707141788618,0.3334376169762236,3
2025-04-24,0.3109443710401833,0.3607569585338557,3
2025-04-25,0.3003962915900037,0.3470827022254788,3
2025-04-26,0.4650451698197663,0.5605292326990602,3
2025-04-27,0.2382493531901767,0.2665170249878393,3
2025-04-28,0.2297708507660337,0.2555257145974959,3
2025-04-29,0.245196864888892,0.2755235987553571,3
2025-04-30,0.2346553687363692,0.2618578768631208,3
2025-05-01,0.2345767702634404,0.2617559838436994,3
2025-05-02,0.2882003357308121,0.3312721817291245,3
2025-05-03,0.4821657525036121,0.5827239115383139,3
2025-05-04,0.4510362035639803,0.5423683726010866,3
2025-05-05,0.3147927758909462,0.3657459306549214,3
2025-05-06,0.1875954839866861,0.200850664227944,3
2025-05-07,0.1681104408137131,0.1755907602060335,3
2025-05-08,0.1920953482247926,0.2066841713830043,3
2025-05-09,0.2342203707931527,0.261293956824667,3
2025-05-10,0.402135116378256,0.4789742729363846,3
2025-05-11,0.1859631086065445,0.1987344951712954,3
2025-05-12,0.1850609743056017,0.1975649916883215,3
2025-05-13,0.2040052261116061,0.222123827824252,3
2025-05-14,0.2220969760865914,0.245577502722464,3
2025-05-15,0.2500159971223078,0.2817709966494415,3
2025-05-16,0.2688178413551894,0.3061452193053227,3
2025-05-17,0.4465462704976318,0.5365477399592212,3
2025-05-18,0.1776961407930778,0.188017412757537,3
2025-05-19,0.1913780225905138,0.2057542490567622,3
2025-05-20,0.21987771091222,0.2427005049757231,3
2025-05-21,0.217187136359887,0.2392125139893857,3
2025-05-22,0.2552589771912587,0.2885678598719048,3
2025-05-23,0.2763753217227732,0.3159425406167495,3
2025-05-24,0.4552788082190696,0.5478683751127114,3
2025-05-25,0.1872095161076958,0.2003503054916411,3
2025-05-26,0.1756672063556703,0.185387154836079,3
2025-05-27,0.2283865626927538,0.2537311594836419,3
2025-05-28,0.2274055321991866,0.2524593770251638,3
2025-05-29,0.2504867337366141,0.2823812473731079,3
2025-05-30,0.2493224526285731,0.2808719035763011,3
2025-05-31,0.3943515641154582,0.4688838778901725,3
2025-06-01,0.1679475331235238,0.175379570906524,3
2025-06-02,0.1944268114186883,0.209706619728929,3
2025-06-03,0.2115021762411531,0.2318426793068127,3
2025-06-04,0.2210740904466708,0.2442514603390617,3
2025-06-05,0.2325257919288814,0.2590971487863648,3
2025-06-06,0.2705705223431345,0.3084173494280791,3
2025-06-07,0.3986026808429767,0.4743949152314702,3
2025-06-08,0.1810745272593719,0.1923970652494483,3
2025-06-09,0.19498676778456,0.2104325326218496,3
2025-06-10,0.2151775157610903,0.2366072940268006,3
2025-06-11,0.2192916845982739,0.2419407956790496,3
2025-06-12,0.2219813825590791,0.245427650274892,3
2025-06-13,0.2678656027409184,0.3049107618915559,3
2025-06-14,0.372531751580186,0.4405972394914668,3
2025-06-15,0.1780445200249069,0.1884690425476848,3
2025-06-16,0.1859232840182598,0.1986828676091261,3
2025-06-17,0.2162440817872516,0.2379899625287229,3
2025-06-18,0.2304726457522435,0.2564355033948493,3
2025-06-19,0.2469266550980074,0.2777660538668193,3
2025-06-20,0.2877659560182507,0.3307090631488391,3
2025-06-21,0.4114312571647024,0.4910255484688666,3
2025-06-22,0.2027572521259791,0.2205059867541073,3
2025-06-23,0.2164281544783179,0.2382285895858002,3
2025-06-24,0.2348383673351541,0.2620951114948542,3
2025-06-25,0.2474174904466642,0.278402360067815,3
2025-06-26,0.2630995397336054,0.2987321615641984,3
2025-06-27,0.2972434840846503,0.3429954844411604,3
2025-06-28,0.4187038097964268,0.5004534968619428,3
2025-06-29,0.1979671615550134,0.2142962377171288,3
2025-06-30,0.2133160282918924,0.2341941100070112,3
2025-07-01,0.2389385217125754,0.267410445165366,3
2025-07-02,0.246965601060692,0.2778165424015749,3
2025-07-03,0.2555065442475138,0.2888887993753217,3
2025-07-04,0.2953258202095907,0.3405094747874851,3
2025-07-05,0.4083570895245809,0.4870402773638765,3
2025-07-06,0.2129316665541172,0.2336958334304745,3
2025-07-07,0.2282434101760697,0.2535455802781027,3
2025-07-08,0.2512080146590349,0.2833162972321945,3
2025-07-09,0.2577875428155281,0.2918458266906154,3
2025-07-10,0.2634276441063152,0.2991575075534398,3
2025-07-11,0.3056223967491168,0.3538576892530013,3
2025-07-12,0.4304289993085582,0.5156537280898607,3
2025-07-13,0.2338706127153348,0.2608405395343823,3
2025-07-14,0.2215182267251492,0.2448272270780635,3
2025-07-15,0.2508119366362489,0.2828028319679943,3
2025-07-16,0.2577958731299227,0.291856625893892,3
2025-07-17,0.2685360002631908,0.3057798478319256,3
2025-07-18,0.307824189548303,0.3567120362662386,3
2025-07-19,0.5202424530084149,0.6320855573752832,3
2025-07-20,0.4605194073679052,0.5546621517721599,3
2025-07-21,0.2453493498193017,0.275721276259725,3
2025-07-22,0.2650772976125203,0.3012960755240743,3
2025-07-23,0.2692419844193565,0.306695067360434,3
2025-07-24,0.2853188642161464,0.3275367168776387,3
2025-07-25,0.3132717903507852,0.3637741644944815,3
2025-07-26,0.5151836826872842,0.6255274988867141,3
2025-07-27,0.2339758697611051,0.2609769920354204,3
2025-07-28,0.2575724169662484,0.2915669431255547,3
2025-07-29,0.2740338483095651,0.3129071152824331,3
2025-07-30,0.2840336770917609,0.3258706336606818,3
2025-07-31,0.2740849206558897,0.3129733241460666,3
2025-08-01,0.3018420657939288,0.3489569663625558,3
2025-08-02,0.4751606609482576,0.5736426927397644,3
2025-08-03,0.2579228429802998,0.2920212263110289,3
2025-08-04,0.2563150825622574,0.2899369674520951,3
2025-08-05,0.2664178334538079,0.3030339113804415,3
2025-08-06,0.2776355903833774,0.3175763201842917,3
2025-08-07,0.2765771901501159,0.3162042376042523,3
2025-08-08,0.2839422419464285,0.3257520995124726,3
2025-08-09,0.4932564549255778,0.5971016101775969,3
2025-08-10,0.4372448091163641,0.5244895669457672,3
2025-08-11,0.2536891483289938,0.2865327744969523,3
2025-08-12,0.2634095578641672,0.2991340610187455,3
2025-08-13,0.2555475814311968,0.2889419989146792,3
2025-08-14,0.2753048190237291,0.3145547687143215,3
2025-08-15,0.2740469538994579,0.3129241050288711,3
2025-08-16,0.4613405662431213,0.5557266808158251,3
2025-08-17,0.2218339314255855,0.2452364984541387,3
2025-08-18,0.2379330260744737,0.2661069467287739,3
2025-08-19,0.2480898342495693,0.2792739691158599,3
2025-08-20,0.2515838071481361,0.2838034648572586,3
2025-08-21,0.2608776306461727,0.2958517363172167,3
2025-08-22,0.2827436450966191,0.3241982696790779,3
2025-08-23,0.4649926768587823,0.5604611821874699,3
2025-08-24,0.2110887200301129,0.2313066854106008,3
2025-08-25,0.2235173269614755,0.2474188087159129,3
2025-08-26,0.2428481230683663,0.272478750846525,3
2025-08-27,0.2458544949496092,0.2763761332900857,3
2025-08-28,0.2681189833807134,0.3052392379737187,3
2025-08-29,0.2852644826807282,0.3274662180671904,3
2025-08-30,0.4093916534990343,0.4883814592369282,3
2025-08-31,0.2053569194991598,0.2238761280338824,3
2025-09-01,0.2155546953702735,0.2370962598783213,3
2025-09-02,0.2465624286852993,0.277293880202867,3
2025-09-03,0.2463371933482016,0.2770018909603016,3
2025-09-04,0.2551860788585084,0.2884733563662014,3
2025-09-05,0.2793146174987655,0.3197529673391577,3
2025-09-06,0.4204640179825815,0.5027353850490073,3
2025-09-07,0.2109565639856221,0.2311353617460794,3
2025-09-08,0.2306545097164857,0.2566712671158235,3
2025-09-09,0.2358604675637236,0.2634201356913749,3
2025-09-10,0.2504737121784198,0.2823643665631818,3
2025-09-11,0.2706997188695308,0.3085848364501895,3
2025-09-12,0.3083682193526435,0.3574173023783385,3
2025-09-13,0.5128871189917655,0.622550293344287,3
2025-09-14,0.4539881358228512,0.5461951809317805,3
2025-09-15,0.2207626305831177,0.2438476918593006,3
2025-09-16,0.2307848611148748,0.2568402512839979,3
2025-09-17,0.2465623114425887,0.2772937282124612,3
2025-09-18,0.2644510173187301,0.3004841820131634,3
2025-09-19,0.2804607082504262,0.3212387296302827,3
2025-09-20,0.4847477578471337,0.5860711562214502,3
2025-09-21,0.2299035990143542,0.2556978059796851,3
2025-09-22,0.2581779878380713,0.2923519894795668,3
2025-09-23,0.2383662582072683,0.2666685776164478,3
2025-09-24,0.2462099595775412,0.2768369484037623,3
2025-09-25,0.2745199694295696,0.3135373100798133,3
2025-09-26,0.3101292369260503,0.3597002398340201,3
2025-09-27,0.5080654753419875,0.6162996397152418,3
2025-09-28,0.2303550511396234,0.2562830567925037,3
2025-09-29,0.2447814955874597,0.274985124778436,3
2025-09-30,0.2603994866095042,0.2952318828035408,3
2025-10-01,0.3905044087096048,0.4638965255170443,3
2025-10-02,0.3894802337382378,0.4625688116778338,3
2025-10-03,0.4378853222661021,0.5253199115615593,3
2025-10-04,0.5838436601129209,0.7145365108002094,3
2025-10-05,0.3340879142771646,0.3907596470423404,3
2025-10-06,0.3624893828473952,0.4275785734258568,3
2025-10-07,0.3852060527802369,0.457027874467023,3
2025-10-08,0.3968751052555545,0.4721553310980665,3
2025-10-09,0.42089387400957,0.5032926392407778,3
2025-10-10,0.4463852781632141,0.5363390336771999,3
2025-10-11,0.6309907287352415,0.775656746344062,3
2025-10-12,0.5508928154639485,0.6718198913970548,3
2025-10-13,0.3509828460540886,0.4126617979050993,3
2025-10-14,0.3637714275158605,0.4292405828445556,3
2025-10-15,0.3589326739941537,0.4229677484218159,3
2025-10-16,0.4125956131319645,0.4925349893112238,3
2025-10-17,0.4486294414877239,0.5392483087392762,3
2025-10-18,0.5984592573948132,0.7334837916086802,3
2025-10-19,0.3475419954291816,0.408201168499903,3
2025-10-20,0.375058856586244,0.4438733128026544,3
2025-10-21,0.3931814185135531,0.4673669315157973,3
2025-10-22,0.417046418664236,0.4983048980338952,3
2025-10-23,0.4195380488376241,0.5015349826931471,3
2025-10-24,0.4530237971975622,0.5449450373779182,3
2025-10-25,0.6095542402537245,0.7478670392952739,3
2025-10-26,0.3471432062160817,0.4076841885189785,3
2025-10-27,0.4009655003436813,0.477458013079346,3
2025-10-28,0.3881848026973296,0.4608894485134897,3
2025-10-29,0.3891664013261858,0.4621619674878041,3
2025-10-30,0.4018469467908652,0.4786006973658864,3
2025-10-31,0.443034905966788,0.5319956981573286,3
2025-11-01,0.6113287426037177,0.7501674580651772,3
2025-11-02,0.4960285330763321,0.6006952603126099,3
2025-11-03,0.4467114839154822,0.5367619183442003,3
2025-11-04,0.4528901292979525,0.5447717537836773,3
2025-11-05,0.4275779386879629,0.5119576871318,3
2025-11-06,0.4520633482380487,0.5436999362857683,3
2025-11-07,0.4694274032994261,0.5662102463932639,3
2025-11-08,0.6039669901765651,0.7406238733734647,3
2025-11-09,0.4360328731662752,0.5229184446491325,3
2025-11-10,0.4227159390345679,0.5056547170275475,3
2025-11-11,0.4484938722008613,0.539072560235972,3
2025-11-12,0.4282031592187789,0.5127682067935089,3
2025-11-13,0.4651353498614066,0.5606461397634328,3
2025-11-14,0.4884746068293087,0.5909025464707915,3
2024-12-19,0.2415108758934913,0.3140399374040404,4
2024-12-20,0.2950931245075066,0.3982175616484044,4
2024-12-21,0.519302200158223,0.7504496498957336,4
2024-12-22,0.2032920689224922,0.2539982546548185,4
2024-12-23,0.2270524980762108,0.2913258496871666,4
2024-12-24,0.3246504201936328,0.4446520244472556,4
2024-12-25,0.3109718297444248,0.4231629814001744,4
2024-12-26,0.2384703835962155,0.3092633290171536,4
2024-12-27,0.2938590372964943,0.3962788126742488,4
2024-12-28,0.513737790657852,0.7417079717433634,4
2024-12-29,0.4764055965802297,0.6830591563880897,4
2024-12-30,0.4121928199751723,0.5821809901938109,4
2024-12-31,0.6781504572934515,1.0,4
2025-01-01,0.4351608076382913,0.6182636609507358,4
2025-01-02,0.2900541414658817,0.3903013275965793,4
2025-01-03,0.2223848666865452,0.2839930084684108,4
2025-01-04,0.1836123982376976,0.2230815244501784,4
2025-01-05,0.0565378495032655,0.0234476178658399,4
2025-01-06,0.0416125519414496,0.0,4
2025-01-07,0.0567187396082379,0.0237317959225612,4
2025-01-08,0.0684563683104727,0.0421715912647473,4
2025-01-09,0.086482113221304,0.0704900068049235,4
2025-01-10,0.1318109704169954,0.1417015667364956,4
2025-01-11,0.2951066405976984,0.3982387954038149,4
2025-01-12,0.1849896091897962,0.2252451205856466,4
2025-01-13,0.0861566041059811,0.0699786325213403,4
2025-01-14,0.0916783766948317,0.0786533281559972,4
2025-01-15,0.0995837993931697,0.0910727341833041,4
2025-01-17,0.1575283382054438,0.1821035091380667,4
2025-01-18,0.2742182423424236,0.3654231561784908,4
2025-01-19,0.1002345173104105,0.0920950109586063,4
2025-01-20,0.1304364746985219,0.1395422362285765,4
2025-01-21,0.1210171794642921,0.1247445389429434,4
2025-01-22,0.1231928548782657,0.1281625214317797,4
2025-01-23,0.1229400421698006,0.1277653530835329,4
2025-01-24,0.1686241297258988,0.1995349793257206,4
2025-01-25,0.3004565553237324,0.4066435026192879,4
2025-01-26,0.1473303537169936,0.1660824923176926,4
2025-01-27,0.126657990811627,0.1336062442709484,4
2025-01-28,0.156064244064711,0.1798034196564778,4
2025-01-29,0.2092746282156737,0.2633968454423903,4
2025-01-30,0.2017061607634242,0.2515067955512307,4
2025-01-31,0.219491718264008,0.2794478770658476,4
2025-02-01,0.2925493982342461,0.394221371866346,4
2025-02-02,0.1402638844542903,0.1549810807547856,4
2025-02-03,0.1303610998219891,0.139423822421796,4
2025-02-04,0.1267629655051584,0.1337711593414394,4
2025-02-05,0.131723233543053,0.1415637322521628,4
2025-02-06,0.1300846518973851,0.1389895231879567,4
2025-02-07,0.1630826822329095,0.1908293744490952,4
2025-02-08,0.2792008003775124,0.373250746638062,4
2025-02-09,0.1109815897303975,0.1089786440142747,4
2025-02-10,0.1048525257528183,0.0993498946090215,4
2025-02-11,0.1041065813174061,0.0981780171306494,4
2025-02-12,0.1071682197484897,0.1029878460588897,4
2025-02-13,0.1116958381796188,0.1101007271505906,4
2025-02-14,0.1458778105633146,0.1638005494177238,4
2025-02-15,0.2412701088110038,0.3136616927143477,4
2025-02-16,0.0943929521085976,0.0829179216561514,4
2025-02-17,0.0903205218746377,0.0765201404718433,4
2025-02-18,0.094565008054518,0.0831882212635648,4
2025-02-19,0.1039460535149487,0.0979258282176126,4
2025-02-20,0.1100447564638574,0.1075068804968734,4
2025-02-21,0.1320903883118511,0.1421405317887042,4
2025-02-22,0.2641370227585891,0.3495855768307854,4
2025-02-23,0.19293187981211,0.2377224146407772,4
2025-02-24,0.101095946743478,0.0934483151779223,4
2025-02-25,0.0909204992381377,0.0774627039208625,4
2025-02-26,0.1120152894357213,0.1106025845473246,4
2025-02-27,0.1478868790371018,0.1669567926781723,4
2025-02-28,0.1982289689109436,0.2460441328829992,4
2025-03-01,0.3655499585402029,0.5089051317684179,4
2025-03-02,0.2081754684249529,0.2616700672230901,4
2025-03-03,0.1469713331318545,0.1655184715702706,4
2025-03-04,0.1364015071470911,0.1489132923721546,4
2025-03-05,0.1507199271972951,0.1714075066676662,4
2025-03-06,0.1516026356939068,0.1727942402607324,4
2025-03-07,0.1839478815661347,0.2236085682061219,4
2025-03-08,0.3113939988982885,0.4238262084449649,4
2025-03-09,0.1332462397969883,0.1439563725664786,4
2025-03-10,0.1396910817497942,0.1540812086502652,4
2025-03-11,0.1561408939477366,0.1799238364963567,4
2025-03-12,0.1592249063334056,0.1847688148703682,4
2025-03-13,0.1764597510415779,0.2118447274959352,4
2025-03-14,0.2216925820159632,0.2829054303921309,4
2025-03-15,0.3307077088211618,0.4541680148958987,4
2025-03-16,0.1812780904444358,0.2194143307549799,4
2025-03-17,0.177196991413046,0.2130029309041996,4
2025-03-18,0.2117651154426607,0.2673093967705154,4
2025-03-19,0.2216167900686458,0.2827863613678353,4
2025-03-20,0.2706714273551959,0.3598511156803428,4
2025-03-21,0.2923472642950429,0.3939038197810676,4
2025-03-22,0.3676279200914936,0.5121696059400569,4
2025-03-23,0.293888891851342,0.3963257141307005,4
2025-03-24,0.3086749024927112,0.4195545124741276,4
2025-03-25,0.3087948290863028,0.4197429169549657,4
2025-03-26,0.3296006979835678,0.452428902694903,4
2025-03-27,0.3447742880680404,0.4762665877045359,4
2025-03-28,0.3846360544620607,0.5388893569989693,4
2025-03-29,0.4173456877001564,0.5902761368954587,4
2025-03-30,0.3545022080862529,0.4915491340170497,4
2025-03-31,0.3415161586486311,0.4711480717575436,4
2025-04-01,0.3650723277543983,0.5081547745912747,4
2025-04-02,0.3653821610823937,0.5086415222388072,4
2025-04-03,0.3758021712338527,0.5250113410097677,4
2025-04-04,0.3733030682880797,0.5210852544016323,4
2025-04-05,0.4302400963070752,0.6105332315609968,4
2025-04-06,0.3402413637381287,0.4691453710545942,4
2025-04-07,0.3241989061089064,0.4439426965644538,4
2025-04-08,0.3228179587733742,0.4417732305767707,4
2025-04-09,0.338583888746058,0.4665414805743342,4
2025-04-10,0.3438559674188956,0.4748239074785453,4
2025-04-11,0.3518234565018506,0.4873408196937716,4
2025-04-12,0.4113066937302462,0.5807888873237766,4
2025-04-13,0.2630872952980143,0.3479364567206572,4
2025-04-14,0.2602989897541912,0.3435560333077245,4
2025-04-15,0.2647255871664436,0.3505102105452993,4
2025-04-16,0.274294021706789,0.3655422054349896,4
2025-04-17,0.2784134129076107,0.372013762220824,4
2025-04-18,0.3084486934401643,0.4191991384254734,4
2025-04-19,0.4089749220734839,0.577125677894838,4
2025-04-20,0.2209359093517663,0.2817166988840232,4
2025-04-21,0.2103292948203044,0.2650537249396882,4
2025-04-22,0.2138845839568897,0.2706390783125078,4
2025-04-23,0.2114478142023819,0.2668109170450962,4
2025-04-24,0.2132881140883379,0.2697020251322702,4
2025-04-25,0.2374970589507159,0.3077342376035614,4
2025-04-26,0.32651419429979,0.4475800104956694,4
2025-04-27,0.2071751514301531,0.2600985708732433,4
2025-04-28,0.2040732855779461,0.2552255447327314,4
2025-04-29,0.1956915816880362,0.2420579017385961,4
2025-04-30,0.2065328050263937,0.2590894457318203,4
2025-05-01,0.1801148583728146,0.2175868950880057,4
2025-05-02,0.2212406664394318,0.2821954717663653,4
2025-05-03,0.3132441287993958,0.4267327594697371,4
2025-05-04,0.2867554355965821,0.385119066113698,4
2025-05-05,0.2401176135464746,0.311851124553616,4
2025-05-06,0.1516509230969553,0.1728700996913218,4
2025-05-07,0.138392639575379,0.1520413581346904,4
2025-05-08,0.1472242691245766,0.1659158335978818,4
2025-05-09,0.1853652028072746,0.2258351775395537,4
2025-05-10,0.2684847428082023,0.3564158378616802,4
2025-05-11,0.1455396195715202,0.1632692519271096,4
2025-05-12,0.1607816464874286,0.1872144510861126,4
2025-05-13,0.1661408800874707,0.1956337982372906,4
2025-05-14,0.1955414922386473,0.2418221114610226,4
2025-05-15,0.1741851571463804,0.2082713442361597,4
2025-05-16,0.2056544634619096,0.2577095725819278,4
2025-05-17,0.3052981655305696,0.4142496642730228,4
2025-05-18,0.1552032237098478,0.1784507580983464,4
2025-05-19,0.157775614293842,0.1824919794653153,4
2025-05-20,0.1652662182616643,0.1942597059507946,4
2025-05-21,0.165690143784831,0.1949256922488648,4
2025-05-22,0.1751978336247099,0.2098622573142575,4
2025-05-23,0.197307168801349,0.2445959864303779,4
2025-05-24,0.3019318699111162,0.408961219404069,4
2025-05-25,0.1636903399758195,0.1917840037615066,4
2025-05-26,0.1439177703488383,0.1607213294718316,4
2025-05-27,0.1545643167010657,0.177447036240763,4
2025-05-28,0.1594054312599122,0.1850524192323218,4
2025-05-29,0.16393514515442,0.1921685922935362,4
2025-05-30,0.1837993880448353,0.2233752851289463,4
2025-05-31,0.2718674187167533,0.3617300161378041,4
2025-06-01,0.1374806944986489,0.1506086939224533,4
2025-06-02,0.1639650598009605,0.1922155881539382,4
2025-06-03,0.1354395681857249,0.1474020878495673,4
2025-06-04,0.1459529918919547,0.1639186591610839,4
2025-06-05,0.153202599100398,0.1753077801348526,4
2025-06-06,0.1776369627123647,0.2136941250901537,4
2025-06-07,0.2526374169964252,0.331519715135079,4
2025-06-08,0.1306713007867788,0.1399111476261263,4
2025-06-09,0.1283556385870575,0.1362732461276433,4
2025-06-10,0.1340802343308233,0.1452665766043258,4
2025-06-11,0.1443835881086207,0.1614531284045673,4
2025-06-12,0.1468582771293747,0.1653408607767432,4
2025-06-13,0.1671164023952943,0.1971663421747708,4
2025-06-14,0.2490901863656961,0.3259470216616755,4
2025-06-15,0.1343407116539565,0.1456757860495814,4
2025-06-16,0.1278959472325567,0.1355510717675059,4
2025-06-17,0.1434736912121944,0.1600236818802113,4
2025-06-18,0.1931996460235382,0.2381430749175287,4
2025-06-19,0.194048883101754,0.2394772249674715,4
2025-06-20,0.228787111768328,0.2940509249380394,4
2025-06-21,0.2955189085934604,0.3988864677455493,4
2025-06-22,0.1786318005863193,0.2152570137501848,4
2025-06-23,0.1850442867940109,0.2253310190117339,4
2025-06-24,0.1765805028379246,0.2120344283689413,4
2025-06-25,0.1866659583310117,0.2278786623230998,4
2025-06-26,0.1814572620064565,0.219695808983557,4
2025-06-27,0.2155716815100506,0.2732895057874088,4
2025-06-28,0.2851152896074152,0.3825423994684337,4
2025-06-29,0.1627457092133027,0.1902999903907799,4
2025-06-30,0.1589731881231414,0.1843733659769908,4
2025-07-01,0.1935675040710023,0.2387209793036951,4
2025-07-02,0.209618553079802,0.2639371508369891,4
2025-07-03,0.2107428756320848,0.2657034597132233,4
2025-07-04,0.2561005439570469,0.3369602818813856,4
2025-07-05,0.3023754279326552,0.4096580483247186,4
2025-07-06,0.2148225136248403,0.2721125642747175,4
2025-07-07,0.2128022327435816,0.2689387063406146,4
2025-07-08,0.2193323168283578,0.2791974576732082,4
2025-07-09,0.2258693517885802,0.2894671288196696,4
2025-07-10,0.2415765958483094,0.3141431833447229,4
2025-07-11,0.2534198982749351,0.3327489919337281,4
2025-07-12,0.3362949372348907,0.4629455415235379,4
2025-07-13,0.2108557702284073,0.2658808169379436,4
2025-07-14,0.2096359302508091,0.2639644503439957,4
2025-07-15,0.2373846927102957,0.3075577104250928,4
2025-07-16,0.2478681534919684,0.3240272100315229,4
2025-07-17,0.2368218185753396,0.3066734360869529,4
2025-07-18,0.2611211138994717,0.3448475889847205,4
2025-07-19,0.3518114022593806,0.4873218824987222,4
2025-07-20,0.3213098135238879,0.4394039368759465,4
2025-07-21,0.2091921888085172,0.2632673332696456,4
2025-07-22,0.2214877000005775,0.2825835610837,4
2025-07-23,0.2363953672132503,0.306003481700099,4
2025-07-24,0.2401277462091321,0.3118670429499477,4
2025-07-25,0.2513680268833448,0.32952550535997,4
2025-07-26,0.37039672766376,0.5165193980718157,4
2025-07-27,0.2245268995094927,0.2873581385022035,4
2025-07-28,0.219885619873183,0.2800666958445301,4
2025-07-29,0.235067701594198,0.3039177212011731,4
2025-07-30,0.2223383815725476,0.2839199804309496,4
2025-07-31,0.2360981307098719,0.3055365236432745,4
2025-08-01,0.2654771402931924,0.3516908992685155,4
2025-08-02,0.3289408501214073,0.4513922827911824,4
2025-08-03,0.2336259108156392,0.3016526702647932,4
2025-08-04,0.2387668350743033,0.3097290538005406,4
2025-08-05,0.2424504331672755,0.3155159803323318,4
2025-08-06,0.2418601418843996,0.314588633700006,4
2025-08-07,0.2508927231326019,0.3287788039510727,4
2025-08-08,0.2624348657558635,0.3469114909854431,4
2025-08-09,0.3641602948717814,0.5067219724361344,4
2025-08-10,0.3223367252883738,0.4410172135651299,4
2025-08-11,0.2478882036279111,0.324058708762037,4
2025-08-12,0.2807039626374504,0.3756122120705201,4
2025-08-13,0.2435163042894907,0.3171904621082847,4
2025-08-14,0.243645220180243,0.3173929887601437,4
2025-08-15,0.2729363037393683,0.3634092327463169,4
2025-08-16,0.3217495598381567,0.4400947776107582,4
2025-08-17,0.2313702282715845,0.2981089967064882,4
2025-08-18,0.2284701014077484,0.2935529021841482,4
2025-08-19,0.223571533696039,0.2858572603841512,4
2025-08-20,0.224449154166451,0.2872360006964453,4
2025-08-21,0.2314172981189959,0.2981829433591789,4
2025-08-22,0.2528322006622516,0.3318257199529991,4
2025-08-23,0.3176334169634036,0.4336283239398226,4
2025-08-24,0.222259604351578,0.2837962215466674,4
2025-08-25,0.2359601567071087,0.3053197667123781,4
2025-08-26,0.2318847617686532,0.2989173279821947,4
2025-08-27,0.2302519184929,0.2963521338876651,4
2025-08-28,0.233801720052471,0.3019288662860412,4
2025-08-29,0.2556281473338903,0.3362181475651339,4
2025-08-30,0.3400660949432915,0.4688700240668287,4
2025-08-31,0.2253479788011841,0.2886480527159335,4
2025-09-01,0.2915140708729579,0.3925948742884591,4
2025-09-02,0.2795407341127535,0.3737847819757583,4
2025-09-03,0.2814467029471804,0.3767790558727273,4
2025-09-04,0.2881897349703755,0.3873723480655406,4
2025-09-05,0.2883571483664852,0.3876353542348546,4
2025-09-06,0.3539830554304587,0.4907335460506,4
2025-09-07,0.2767713380511215,0.3694340653281762,4
2025-09-08,0.2720159821718872,0.3619634090809185,4
2025-09-09,0.2903457502766454,0.3907594445575833,4
2025-09-10,0.295774515149705,0.3992880252240521,4
2025-09-11,0.3038661118134729,0.4119999102441488,4
2025-09-12,0.3291051222242094,0.4516503539938883,4
2025-09-13,0.3863821777140185,0.5416325137493788,4
2025-09-14,0.3711372249607432,0.5176827181046953,4
2025-09-15,0.3143348678562618,0.4284463087300328,4
2025-09-16,0.3033045543341374,0.4111177043698185,4
2025-09-17,0.3038915837377603,0.4120399265952149,4
2025-09-18,0.3163128832699341,0.4315537676842304,4
2025-09-19,0.3329780539647504,0.4577347233739007,4
2025-09-20,0.3840718860725476,0.5380030493890539,4
2025-09-21,0.3080736589602905,0.4186099598758213,4
2025-09-22,0.3009108237001059,0.4073571574897269,4
2025-09-23,0.2931666682831962,0.3951911020957009,4
2025-09-24,0.2821939752030619,0.3779530193548679,4
2025-09-25,0.2981967722065524,0.4030933870673627,4
2025-09-26,0.3010461126387564,0.4075696961893282,4
2025-09-27,0.3729101373784793,0.5204679605903815,4
2025-09-28,0.2881812415068793,0.3873590048483893,4
2025-09-29,0.2904894757387101,0.390985237021561,4
2025-09-30,0.2905240488615718,0.3910395513405843,4
2025-10-01,0.4838142712186618,0.6946981720321542,4
2025-10-02,0.436623351660956,0.6205613151993951,4
2025-10-03,0.4765126894313025,0.6832273990805867,4
2025-10-04,0.5302211182128578,0.7676032521601528,4
2025-10-05,0.4298399318867735,0.6099045739163583,4
2025-10-06,0.4442213349087816,0.632497734356749,4
2025-10-07,0.440501611060815,0.6266540543234138,4
2025-10-08,0.4690903877635636,0.6715669753959446,4
2025-10-09,0.4661396030838009,0.6669312975282913,4
2025-10-10,0.4740221620473099,0.6793147846658718,4
2025-10-11,0.52938155031677,0.766284292379394,4
2025-10-12,0.5098817628128772,0.7356501583554201,4
2025-10-13,0.4286935154585628,0.6081035555974622,4
2025-10-14,0.4409431992570151,0.6273477886517032,4
2025-10-15,0.4541898651148169,0.6481582788776961,4
2025-10-16,0.4646641487513854,0.6646133612042956,4
2025-10-17,0.4615069949991577,0.6596534778639912,4
2025-10-18,0.5132460086986739,0.740935383096178,4
2025-10-19,0.4413562003985959,0.6279966127643102,4
2025-10-20,0.4254475671432178,0.6030041761448749,4
2025-10-21,0.4380832049648964,0.622854742333374,4
2025-10-22,0.4551878139419242,0.6497260548400018,4
2025-10-23,0.44675037484324,0.6364708519247592,4
2025-10-24,0.4771300236658018,0.6841972301453335,4
2025-10-25,0.5068346654360156,0.7308631733993921,4
2025-10-26,0.442523978521136,0.6298311902697838,4
2025-10-27,0.436510961189855,0.6203847499545668,4
2025-10-28,0.4551362426986051,0.6496450365017605,4
2025-10-29,0.4401220516975313,0.6260577671893839,4
2025-10-30,0.4382929384711879,0.6231842333260205,4
2025-10-31,0.4684806737110269,0.6706091156244994,4
2025-11-01,0.5209498175877365,0.753038054161466,4
2025-11-02,0.5286297274981014,0.7651031799706163,4
2025-11-03,0.4609553932328509,0.6587869123984174,4
2025-11-04,0.479084258082614,0.6872673291926661,4
2025-11-05,0.4656353709449659,0.6661391496693885,4
2025-11-06,0.4852916626970405,0.6970191516092649,4
2025-11-07,0.488953159712348,0.7027713573844774,4
2025-11-08,0.5244144651178515,0.7584810097199398,4
2025-11-09,0.4590101846140412,0.655730992864868,4
2025-11-10,0.46309850473134,0.6621537370297076,4
2025-11-11,0.4821385639783695,0.6920656387199935,4
2025-11-12,0.4650256591329288,0.6651812934177646,4
2025-11-13,0.5000967625965685,0.7202779391457916,4
2025-11-14,0.5183340960468943,0.7489287599327181,4
2024-12-19,0.2187933828202216,0.2100858110021796,5
2024-12-20,0.3301788143574951,0.34696215745096,5
2024-12-21,0.5143049511903515,0.5732261539860539,5
2024-12-22,0.3559783635462223,0.3786660166023865,5
2024-12-23,0.388786085040949,0.4189818908736514,5
2024-12-24,0.463462830960255,0.5107486507187037,5
2024-12-25,0.4029873813390594,0.4364331995887546,5
2024-12-26,0.3620400130439532,0.3861148941194148,5
2024-12-27,0.4008748012624982,0.4338371487545536,5
2024-12-28,0.5439096492193696,0.6096059825507564,5
2024-12-29,0.5561252280630151,0.624617135973596,5
2024-12-30,0.5810791934986729,0.6552818968054378,5
2024-12-31,0.861599354061293,1.0,5
2025-01-01,0.6028193544146782,0.6819973635978396,5
2025-01-02,0.4274502803202027,0.4664945118256605,5
2025-01-03,0.3138853085601236,0.3269398303512088,5
2025-01-04,0.1751359630509547,0.1564372500465367,5
2025-01-05,0.0709587344539402,0.0284187270070398,5
2025-01-06,0.0478325168601384,0.0,5
2025-01-07,0.0949166700632065,0.0578595133773304,5
2025-01-08,0.0679898940949159,0.024770457965707,5
2025-01-09,0.0827766955923564,0.0429412666316115,5
2025-01-10,0.117022058828151,0.0850237915887321,5
2025-01-11,0.2323516322405125,0.2267469094894598,5
2025-01-12,0.1614356931951591,0.1396016292894707,5
2025-01-13,0.1107639346109145,0.0773334754795619,5
2025-01-14,0.0793043980105553,0.0386743225598384,5
2025-01-15,0.0971925318675835,0.0606562134888815,5
2025-01-17,0.1244682600929523,0.0941740800060035,5
2025-01-18,0.1650378698393967,0.1440281756656131,5
2025-01-19,0.0967536760167298,0.0601169240624862,5
2025-01-20,0.0602499284985798,0.0152591763030667,5
2025-01-21,0.071784128124798,0.0294330146790426,5
2025-01-22,0.0741464997981876,0.0323360227218803,5
2025-01-23,0.071912626661538,0.0295909205199612,5
2025-01-24,0.1243654767623174,0.0940477743789661,5
2025-01-25,0.1722523106202708,0.1528936644654361,5
2025-01-26,0.0757305045567044,0.0342825320733364,5
2025-01-27,0.087250544253895,0.0484389699749007,5
2025-01-28,0.1143354254745993,0.0817223135353967,5
2025-01-29,0.1172484398355109,0.0853019806190673,5
2025-01-30,0.1377973300897686,0.1105535506202888,5
2025-01-31,0.1636736530004025,0.1423517534072593,5
2025-02-01,0.2331770317452111,0.2277612043303966,5
2025-02-02,0.110224203498381,0.0766702251628129,5
2025-02-03,0.086592432172268,0.047630246822836,5
2025-02-04,0.0931208330408601,0.0556526932659052,5
2025-02-05,0.0828299262445072,0.043006679290026,5
2025-02-06,0.0939949780981172,0.0567268892361706,5
2025-02-07,0.108207317010011,0.0741917677028028,5
2025-02-08,0.1543718315627009,0.1309211801613724,5
2025-02-09,0.083304950445426,0.0435904143099398,5
2025-02-10,0.0751579045766124,0.0335788907427786,5
2025-02-11,0.0590628935803032,0.0138004846188992,5
2025-02-12,0.0694012098744227,0.026504757908871,5
2025-02-13,0.0684500520546154,0.0253359245571967,5
2025-02-14,0.1157141582132398,0.0834165737038038,5
2025-02-15,0.1541615508620336,0.1306627760447945,5
2025-02-16,0.0863831195065759,0.0473730322791567,5
2025-02-17,0.0764712949531184,0.0351928547389316,5
2025-02-18,0.0695299341697756,0.0266629411739887,5
2025-02-19,0.0903516821616435,0.0522498132852701,5
2025-02-20,0.087719320979791,0.0490150277650022,5
2025-02-21,0.1245936706698849,0.0943281911975629,5
2025-02-22,0.1908388655996756,0.1757338124411521,5
2025-02-23,0.1681911006007634,0.147903033447004,5
2025-02-24,0.0935601618578759,0.0561925638982928,5
2025-02-25,0.1148207959289674,0.0823187625821992,5
2025-02-26,0.1658650472158052,0.1450446552499292,5
2025-02-27,0.1796160530023461,0.161942623018972,5
2025-02-28,0.235317011500981,0.23039092534868,5
2025-03-01,0.3527318749541156,0.374676558635197,5
2025-03-02,0.262554924701288,0.2638623227504079,5
2025-03-03,0.1962169613076932,0.1823427026811561,5
2025-03-04,0.1758291464550642,0.1572890707062402,5
2025-03-05,0.1674066606411629,0.1469390718750401,5
2025-03-06,0.1742287989528012,0.1553224785214723,5
2025-03-07,0.1983999989770238,0.1850253355552589,5
2025-03-08,0.2478296915289302,0.2457671725191655,5
2025-03-09,0.1573339248814307,0.134561158080499,5
2025-03-10,0.1788279333213181,0.1609741396094752,5
2025-03-11,0.1739728239882109,0.1550079228614375,5
2025-03-12,0.1869540218682349,0.1709599097040952,5
2025-03-13,0.1865030283422321,0.1704057048564831,5
2025-03-14,0.2351080877273335,0.2301341886962428,5
2025-03-15,0.3299578823350093,0.346690664423245,5
2025-03-16,0.2648189692554672,0.2666445011959759,5
2025-03-17,0.268907626652912,0.2716688610132268,5
2025-03-18,0.2842743277819958,0.2905522812100187,5
2025-03-19,0.2886619888715677,0.2959440726777845,5
2025-03-20,0.3129731721917165,0.3258189486358218,5
2025-03-21,0.3662820253451114,0.3913277046042314,5
2025-03-22,0.4332118466105276,0.473574631126345,5
2025-03-23,0.3801445900928653,0.408362761962224,5
2025-03-24,0.4026172935937768,0.4359784160704737,5
2025-03-25,0.4275495882271364,0.4666165466670842,5
2025-03-26,0.4181012039868002,0.4550058692489276,5
2025-03-27,0.4128811753973737,0.4485912202969253,5
2025-03-28,0.4676801163127141,0.5159310754129366,5
2025-03-29,0.5317581783259769,0.5946736083891524,5
2025-03-30,0.4505850804415033,0.4949237854992717,5
2025-03-31,0.4305438341344241,0.4702960353982618,5
2025-04-01,0.4573872376115129,0.5032826382554305,5
2025-04-02,0.4481525956911001,0.4919346187758285,5
2025-04-03,0.4522585933902903,0.4969802872787529,5
2025-04-04,0.4315221510211312,0.4714982432568075,5
2025-04-05,0.4861729669140819,0.5386560744617692,5
2025-04-06,0.429934545127236,0.4695473086385383,5
2025-04-07,0.387756316405947,0.4177164563684266,5
2025-04-08,0.3706522762643942,0.3966981015281385,5
2025-04-09,0.3807433150571481,0.4090985070637841,5
2025-04-10,0.421060682147288,0.458642633522422,5
2025-04-11,0.4138915699476458,0.449832846895703,5
2025-04-12,0.4694086835854333,0.518055230875777,5
2025-04-13,0.3898507663889631,0.4202902279787563,5
2025-04-14,0.3741037774727606,0.4009394899094068,5
2025-04-15,0.3446345499994867,0.3647261347736416,5
2025-04-16,0.3523742962937695,0.3742371469462469,5
2025-04-17,0.335536312210746,0.3535457359507639,5
2025-04-18,0.3730277309211986,0.3996171866373014,5
2025-04-19,0.4141465614308225,0.4501461940014338,5
2025-04-20,0.3021515002614499,0.3125207022149104,5
2025-04-21,0.2185037157225063,0.2097298526557918,5
2025-04-22,0.2449430291829767,0.2422198881939872,5
2025-04-23,0.2452490982326647,0.2425960021319067,5
2025-04-24,0.2267885697226312,0.219910722189158,5
2025-04-25,0.2442255327564668,0.241338190398366,5
2025-04-26,0.2777642667502186,0.2825523717345138,5
2025-04-27,0.176561001185462,0.1581884127498591,5
2025-04-28,0.194162571739848,0.1798181594410911,5
2025-04-29,0.1655669117062961,0.144678290468422,5
2025-04-30,0.1591799057849554,0.136829597661883,5
2025-05-01,0.1412751621345226,0.1148272957346949,5
2025-05-02,0.175287690253357,0.1566237005081014,5
2025-05-03,0.2496614300719609,0.2480181103299648,5
2025-05-04,0.2528093961985557,0.2518864986479526,5
2025-05-05,0.2022107288247296,0.1897081632074796,5
2025-05-06,0.1431337387219603,0.1171112135628408,5
2025-05-07,0.1126858859525034,0.0796952715785516,5
2025-05-08,0.1298321383890006,0.1007654991334978,5
2025-05-09,0.1233841352962288,0.0928418497563017,5
2025-05-10,0.1975473781784083,0.1839775897395804,5
2025-05-11,0.1510311328381267,0.126815951769338,5
2025-05-12,0.1480086916542252,0.1231018151816432,5
2025-05-13,0.1659306195974068,0.1451252340823466,5
2025-05-14,0.1998761142115201,0.1868392645174826,5
2025-05-15,0.1607194036988934,0.1387214146339691,5
2025-05-16,0.1796485429902408,0.161982548445285,5
2025-05-17,0.2327263852069005,0.2272074258797281,5
2025-05-18,0.1854387145031032,0.1690978193658561,5
2025-05-19,0.1742884301241288,0.1553957564785008,5
2025-05-20,0.1784757599905048,0.1605413702771385,5
2025-05-21,0.1935202180861798,0.1790288010840002,5
2025-05-22,0.1847023264771995,0.1681929065674476,5
2025-05-23,0.1814260854450345,0.1641668872184247,5
2025-05-24,0.2190893475353216,0.2104495081959826,5
2025-05-25,0.1571781693476971,0.1343697573909977,5
2025-05-26,0.1305622907197481,0.1016627491778211,5
2025-05-27,0.1375744332483199,0.1102796431184603,5
2025-05-28,0.1467682082113559,0.121577443105809,5
2025-05-29,0.1580234095808149,0.135408433574983,5
2025-05-30,0.1494850895289433,0.1249160914672141,5
2025-05-31,0.1801616545103146,0.1626130871900667,5
2025-06-01,0.1195925834559237,0.0881825890602703,5
2025-06-02,0.1351221163763957,0.1072661056285834,5
2025-06-03,0.123812386726507,0.0933681079063034,5
2025-06-04,0.1231598743457878,0.0925662659647425,5
2025-06-05,0.1332053939983929,0.1049107351583451,5
2025-06-06,0.1429332176203512,0.1168648025610128,5
2025-06-07,0.1806679948728336,0.1632353051760693,5
2025-06-08,0.1306889273491734,0.1018183670079366,5
2025-06-09,0.1359799385984894,0.1083202432302631,5
2025-06-10,0.1476114921555787,0.1226137152978821,5
2025-06-11,0.1575730454315599,0.1348550021390154,5
2025-06-12,0.1351194745403316,0.1072628591998235,5
2025-06-13,0.1228095222163132,0.0921357346215391,5
2025-06-14,0.1780136813284481,0.1599735434243683,5
2025-06-15,0.1136490523416213,0.0808788616993172,5
2025-06-16,0.1050279835440823,0.0702848335288033,5
2025-06-17,0.108090644556751,0.0740483943826744,5
2025-06-18,0.1578814096316064,0.1352339364798483,5
2025-06-19,0.1240222288659932,0.0936259730955607,5
2025-06-20,0.1565008206241558,0.1335373952295327,5
2025-06-21,0.1749399861470922,0.1561964231967519,5
2025-06-22,0.1362576696210986,0.1086615338922965,5
2025-06-23,0.1327505935216833,0.1043518521270904,5
2025-06-24,0.1240228821503773,0.093626775886181,5
2025-06-25,0.1523068536714771,0.1283836254260061,5
2025-06-26,0.1299613188520434,0.100924242961751,5
2025-06-27,0.1470472457749393,0.1219203393149285,5
2025-06-28,0.1848386428341959,0.1683604193619788,5
2025-06-29,0.1225623828856223,0.0918320366586915,5
2025-06-30,0.125429520647887,0.095355328136292,5
2025-07-01,0.1193011203538537,0.0878244236881442,5
2025-07-02,0.1185757955891819,0.0869331060139484,5
2025-07-03,0.1226095259110091,0.0918899685173415,5
2025-07-04,0.1545778453957062,0.1311743409238751,5
2025-07-05,0.1853107840804256,0.1689406116537335,5
2025-07-06,0.1152682968305451,0.0828686755070326,5
2025-07-07,0.1280313918162564,0.0985526459052467,5
2025-07-08,0.1296606964938743,0.1005548222082547,5
2025-07-09,0.1284973013898775,0.0991251803860368,5
2025-07-10,0.1358254742275013,0.108130429190262,5
2025-07-11,0.1409697152972071,0.1144519464044542,5
2025-07-12,0.2041737846760164,0.192120470715658,5
2025-07-13,0.1303039266611037,0.1013452576718597,5
2025-07-14,0.1304533714669165,0.1015289034030212,5
2025-07-15,0.1302303489484297,0.1012548414625595,5
2025-07-16,0.1307193824671342,0.1018557918777747,5
2025-07-17,0.1380145697715023,0.1108205063031733,5
2025-07-18,0.1402106478852035,0.1135191639693597,5
2025-07-19,0.1908747295277457,0.1757778839447211,5
2025-07-20,0.1767743437350905,0.1584505794293987,5
2025-07-21,0.1256535431643355,0.0956306189274712,5
2025-07-22,0.1219081834515883,0.0910281215762288,5
2025-07-23,0.1245045222054674,0.0942186408198108,5
2025-07-24,0.1337888426221287,0.1056277078796009,5
2025-07-25,0.1386043361065344,0.1115452425643122,5
2025-07-26,0.2015211900321307,0.1888608212403746,5
2025-07-27,0.1315478680944538,0.1028738791104384,5
2025-07-28,0.1311895102900808,0.1024335099678404,5
2025-07-29,0.1332965044034302,0.1050226964731497,5
2025-07-30,0.1324842580943252,0.104024564979,5
2025-07-31,0.1333565315307313,0.1050964610019519,5
2025-08-01,0.1297251550331721,0.1006340322919681,5
2025-08-02,0.1735533657093804,0.1544924702039255,5
2025-08-03,0.1207206344000507,0.089568798097747,5
2025-08-04,0.136428609101039,0.1088715934230196,5
2025-08-05,0.1163857645417614,0.0842418793046458,5
2025-08-06,0.1231916794854264,0.0926053498130694,5
2025-08-07,0.1239329465263216,0.0935162582047713,5
2025-08-08,0.1279506524302561,0.0984534290506033,5
2025-08-09,0.1824124363190193,0.1653789676681236,5
2025-08-10,0.1700438150787577,0.1501797476030717,5
2025-08-11,0.1485869625199734,0.1238124251983121,5
2025-08-12,0.1305900566621988,0.1016968694456685,5
2025-08-13,0.1369608689763466,0.1095256626858298,5
2025-08-14,0.1267542097281262,0.0969831765809341,5
2025-08-15,0.1326960341762247,0.1042848066996233,5
2025-08-16,0.1883718983426016,0.1727022717782776,5
2025-08-17,0.1167019774288298,0.0846304585298154,5
2025-08-18,0.1178273846854069,0.086013418863328,5
2025-08-19,0.1122384633472938,0.0791454548684625,5
2025-08-20,0.1183735101356568,0.0866845268825835,5
2025-08-21,0.1166008052935766,0.0845061328254144,5
2025-08-22,0.121601480372577,0.0906512285093325,5
2025-08-23,0.1618333333539959,0.1400902706799266,5
2025-08-24,0.1210052106604442,0.0899185005522881,5
2025-08-25,0.1139540519779288,0.0812536614851582,5
2025-08-26,0.113665237952384,0.0808987514392559,5
2025-08-27,0.1186198372171194,0.0869872267103496,5
2025-08-28,0.1143459152030053,0.0817352038719483,5
2025-08-29,0.1176508265656793,0.0857964548489983,5
2025-08-30,0.1613225576815118,0.1394626023489821,5
2025-08-31,0.1131052850316946,0.0802106514883962,5
2025-09-01,0.1232391711003983,0.0926637100371543,5
2025-09-02,0.1286309907267486,0.0992894649584223,5
2025-09-03,0.1433211848416556,0.117341557331014,5
2025-09-04,0.1433872530490632,0.1174227454605706,5
2025-09-05,0.1473962554170756,0.1223492209382405,5
2025-09-06,0.1937543715325741,0.1793165413010869,5
2025-09-07,0.1491138110645262,0.1244598447298881,5
2025-09-08,0.1509046520031475,0.1266605253877294,5
2025-09-09,0.1518725458596541,0.1278499248720284,5
2025-09-10,0.1551085561976615,0.131826506602905,5
2025-09-11,0.168953224472733,0.1488395718227761,5
2025-09-12,0.2076128578777394,0.1963465869009172,5
2025-09-13,0.280940434356185,0.2864554155312978,5
2025-09-14,0.2488220212685156,0.2469866001171227,5
2025-09-15,0.2000387161238061,0.1870390784013283,5
2025-09-16,0.1990787763692798,0.1858594533408775,5
2025-09-17,0.2192343598445202,0.2106277070393975,5
2025-09-18,0.2262153048635806,0.2192062638199496,5
2025-09-19,0.2286559536098207,0.2222054628959827,5
2025-09-20,0.2470256513204592,0.2447791251182216,5
2025-09-21,0.2070430235504523,0.1956463441517201,5
2025-09-22,0.1649648577776971,0.1439384545583354,5
2025-09-23,0.1453000016873268,0.1197732327879263,5
2025-09-24,0.1555108603046664,0.1323208793010952,5
2025-09-25,0.1553628140428116,0.1321389521751829,5
2025-09-26,0.1792704184044878,0.161517888829696,5
2025-09-27,0.2601846252761416,0.2609495726642791,5
2025-09-28,0.1646493987797664,0.1435508017522617,5
2025-09-29,0.1530895401265233,0.1293454321982484,5
2025-09-30,0.1583373831412959,0.1357942609964602,5
2025-10-01,0.2662344911573906,0.2683839698462246,5
2025-10-02,0.2594786341014983,0.2600820131344861,5
2025-10-03,0.3025317522193171,0.3129879760585768,5
2025-10-04,0.3834970592529433,0.4124824544918537,5
2025-10-05,0.2631847536227644,0.2646362900499879,5
2025-10-06,0.2518289652255207,0.2506816928876109,5
2025-10-07,0.27764493432318,0.2824057296970365,5
2025-10-08,0.2679024499808926,0.2704336464209529,5
2025-10-09,0.273042188053698,0.2767496301128946,5
2025-10-10,0.275802533362616,0.2801416893400952,5
2025-10-11,0.3304872263044721,0.3473411504657623,5
2025-10-12,0.3247048805233269,0.3402354962208279,5
2025-10-13,0.2780970090687172,0.2829612632047574,5
2025-10-14,0.2927555770047396,0.3009744916455213,5
2025-10-15,0.2922859519310822,0.3003973913605396,5
2025-10-16,0.2958617230798504,0.3047914892584912,5
2025-10-17,0.3064532877741133,0.3178069676609918,5
2025-10-18,0.3347102102401695,0.3525305778823696,5
2025-10-19,0.2826180703737296,0.288516983957107,5
2025-10-20,0.2774966549460637,0.2822235161066839,5
2025-10-21,0.2814425062150011,0.2870723881527711,5
2025-10-22,0.272549452087828,0.2761441299335499,5
2025-10-23,0.2693900797370401,0.2722617250402096,5
2025-10-24,0.2867465087898767,0.2935902288073718,5
2025-10-25,0.3446167048536043,0.3647042057086237,5
2025-10-26,0.2926411812652175,0.3008339160724056,5
2025-10-27,0.2798252528295676,0.2850850211189955,5
2025-10-28,0.273943404927888,0.2778570933726283,5
2025-10-29,0.26728184547996,0.2696710145802809,5
2025-10-30,0.2893120051049155,0.2967428472206049,5
2025-10-31,0.3021193724266465,0.3124812218215905,5
2025-11-01,0.3597391719505663,0.3832874981280761,5
2025-11-02,0.3430714702138885,0.3628053391425807,5
2025-11-03,0.269889287038507,0.2728751775411542,5
2025-11-04,0.2997103714068864,0.3095209131562171,5
2025-11-05,0.2756668714136789,0.2799749807170162,5
2025-11-06,0.2896407809047511,0.2971468644216086,5
2025-11-07,0.3247210427110981,0.340255357177348,5
2025-11-08,0.3193449599607272,0.3336489405668345,5
2025-11-09,0.2712983339355597,0.2746066893608038,5
2025-11-10,0.2681636782123186,0.2707546575748659,5
2025-11-11,0.3120614145548553,0.3246985323259153,5
2025-11-12,0.3080509810014037,0.319770298131407,5
2025-11-13,0.2876872581289564,0.2947462716639661,5
2025-11-14,0.3316912195965342,0.3488206815021991,5
